<?xml version="1.0" encoding="utf-8"?>
<ModMetaData>
	<name>CloseAll</name>
	<author>GoryMoon</author>
	<modVersion>1.7</modVersion>
	<supportedVersions>
		<li>1.5</li>
		<li>1.4</li>
		<li>1.3</li>
		<li>1.2</li>
		<li>1.1</li>
	</supportedVersions>
	<packageId>GoryMoon.CloseAll</packageId>
	<url>https://steamcommunity.com/sharedfiles/filedetails/?id=2018479759</url>
	<description>A mod that adds an alert above the letters allowing you to close all at once</description>
	<modDependencies>
		<li>
			<packageId>brrainz.harmony</packageId>
			<displayName>Harmony</displayName>
			<steamWorkshopUrl>steam://url/CommunityFilePage/2009463077</steamWorkshopUrl>
			<downloadUrl>https://github.com/pardeike/HarmonyRimWorld/releases/latest</downloadUrl>
		</li>
	</modDependencies>
	<loadAfter>
		<li>Ludeon.RimWorld</li>
		<li>brrainz.harmony</li>
	</loadAfter>
</ModMetaData>
